baseline,TP,FP,FN,micro_precision,micro_recall,micro_f1,macro_precision,macro_recall,macro_f1,mean_latency
velocity_threshold,571,697,376,0.4503154574132492,0.6029567053854277,0.5155756207674943,0.6709013289561709,0.6256969405767173,0.5901526737290432,0.11557576387777965
anomaly_only,947,86083,0,0.010881305297024014,1.0,0.021528354001614056,0.03466910297583058,1.0,0.06575283131154165,0.07307093104881858
strike_detector,393,345,554,0.532520325203252,0.4149947201689546,0.46646884272997036,0.6410004719207174,0.4121418007592331,0.44412491551586275,0.05473817663817698
full_fusion,567,660,380,0.4621026894865526,0.5987328405491025,0.5216191352345906,0.5984288666751023,0.47952449106163153,0.47393806845290004,0.01205806938159891
